{
    "loss": 0.17052803933620453,
    "accuracy": 0.9901960492134094
}