{
    "loss": 1.1040500402450562,
    "accuracy": 0.7647058963775635
}