{
    "loss": 7.13306188583374,
    "accuracy": 0.4313725531101227
}